City_ID,City,Country,Lat,Lng,Max Temp,Humidity,Cloudiness,Wind Speed,Current Description
0,Challans,FR,46.8436,-1.8749,71.8,76,82,17.18,broken clouds
1,Victoria,HK,22.2855,114.1577,84.38,86,96,5.99,overcast clouds
2,Rikitea,PF,-23.1203,-134.9692,73.76,75,54,18.63,light rain
3,Lasa,IT,46.6166,10.7002,63.48,92,73,3.4,broken clouds
4,Sur,OM,22.5667,59.5289,90.84,57,99,15.5,overcast clouds
5,Thompson,CA,55.7435,-97.8558,71.76,68,75,13.8,broken clouds
6,Torbay,CA,47.6666,-52.7314,62.76,95,100,5.75,mist
7,Puerto Ayora,EC,-0.7393,-90.3518,75.16,89,97,5.01,overcast clouds
8,Bubaque,GW,11.2833,-15.8333,80.4,79,41,17.9,scattered clouds
9,Dongsheng,CN,39.8161,109.9776,67.8,47,34,12.12,scattered clouds
10,Cape Town,ZA,-33.9258,18.4232,57.61,79,75,14.97,broken clouds
11,East London,ZA,-33.0153,27.9116,59.94,72,0,14.97,clear sky
12,Cockburn Town,TC,21.4612,-71.1419,82.85,79,58,14.99,broken clouds
13,Busselton,AU,-33.65,115.3333,56.95,75,95,10.22,overcast clouds
14,Sitka,US,57.0531,-135.33,57.09,88,20,4.61,few clouds
15,Erenhot,CN,43.6475,111.9767,58.26,66,0,12.28,clear sky
16,Tasiilaq,GL,65.6145,-37.6368,50.16,73,98,4.94,overcast clouds
17,Ribeira Grande,PT,38.5167,-28.7,73.8,60,75,4.61,broken clouds
18,Oga,IT,46.4631,10.347,59.81,91,82,3.0,broken clouds
19,Santa Isabel,BR,-23.3156,-46.2214,87.1,24,92,12.64,overcast clouds
20,Cayenne,GF,4.9333,-52.3333,87.84,62,0,13.8,clear sky
21,Georgetown,MY,5.4112,100.3354,80.89,80,20,3.44,few clouds
22,Knyaze-Volkonskoye,RU,48.4642,135.4567,68.34,94,99,4.14,overcast clouds
23,Kieta,PG,-6.2167,155.6333,77.41,84,92,5.88,light rain
24,Keti Bandar,PK,24.1447,67.4497,81.46,89,100,14.9,overcast clouds
25,Filadelfia,US,39.9523,-75.1638,88.5,41,40,12.66,scattered clouds
26,Necochea,AR,-38.5473,-58.7368,48.54,58,33,23.55,scattered clouds
27,Khatanga,RU,71.9667,102.5,38.64,77,72,7.78,broken clouds
28,Vila Franca Do Campo,PT,37.7167,-25.4333,73.81,65,75,6.78,broken clouds
29,Cangzhou,CN,38.3167,116.8667,78.66,98,100,6.49,overcast clouds
30,Atuona,PF,-9.8,-139.0333,77.18,73,25,24.27,scattered clouds
31,Kahului,US,20.8947,-156.47,80.62,74,40,8.99,scattered clouds
32,Ushuaia,AR,-54.8,-68.3,42.46,65,40,16.11,scattered clouds
33,Jamestown,US,42.097,-79.2353,80.06,43,20,8.05,few clouds
34,Nanjing,CN,32.0617,118.7778,87.71,74,96,3.76,overcast clouds
35,Krivosheino,RU,57.3431,83.9261,50.4,96,100,3.51,overcast clouds
36,Bousso,TD,10.4795,16.7117,73.72,90,100,2.82,overcast clouds
37,Chokurdakh,RU,70.6333,147.9167,47.48,82,46,9.73,scattered clouds
38,Kutum,SD,14.2,24.6667,78.64,54,91,4.25,overcast clouds
39,Whitehorse,CA,60.7161,-135.0538,61.11,58,75,13.0,broken clouds
40,Saint Anthony,US,45.0205,-93.218,79.25,70,100,8.05,moderate rain
41,Punta Arenas,CL,-53.15,-70.9167,44.71,70,75,11.5,broken clouds
42,Galveston,US,29.3669,-94.9669,97.02,59,0,4.0,clear sky
43,Nikolskoye,RU,59.7035,30.7861,73.29,62,100,3.58,overcast clouds
44,Waingapu,ID,-9.6567,120.2641,73.83,71,40,10.65,scattered clouds
45,Port Alfred,ZA,-33.5906,26.891,56.17,94,89,5.99,moderate rain
46,Saint-Philippe,RE,-21.3585,55.7679,69.22,82,21,12.15,few clouds
47,Castro,BR,-24.7911,-50.0119,57.11,96,100,6.64,moderate rain
48,Bluff,NZ,-46.6,168.3333,50.41,85,26,11.01,scattered clouds
49,Berbera,SO,10.4396,45.0143,94.28,41,62,5.73,broken clouds
50,Murdochville,CA,48.9583,-65.5006,54.48,99,100,3.87,overcast clouds
51,Asau,RO,46.4333,26.4,70.72,79,41,5.03,scattered clouds
52,Korla,CN,41.7597,86.1469,76.91,36,1,2.98,clear sky
53,Pitimbu,BR,-7.4706,-34.8086,81.19,73,63,16.46,broken clouds
54,Albany,US,42.6001,-73.9662,81.18,54,100,4.0,overcast clouds
55,Upernavik,GL,72.7868,-56.1549,40.32,91,100,4.68,overcast clouds
56,Cortez,US,37.3489,-108.5859,78.69,45,0,3.44,clear sky
57,Oum Hadjer,TD,13.2954,19.6966,82.2,65,86,4.5,overcast clouds
58,Provideniya,RU,64.3833,-173.3,42.24,75,47,6.17,scattered clouds
59,Mataura,NZ,-46.1927,168.8643,47.66,97,95,0.83,overcast clouds
60,Yellowknife,CA,62.456,-114.3525,72.12,64,75,18.01,broken clouds
61,Saldanha,ZA,-33.0117,17.9442,56.52,78,57,19.51,broken clouds
62,Adrar,MR,20.5022,-10.0711,96.22,32,75,7.47,broken clouds
63,Arraial Do Cabo,BR,-22.9661,-42.0278,82.36,54,0,24.16,clear sky
64,Lexington,US,37.9887,-84.4777,85.89,51,0,4.61,clear sky
65,Tuatapere,NZ,-46.1333,167.6833,45.46,94,28,4.88,scattered clouds
66,Lodja,CD,-3.4833,23.4333,75.7,67,58,2.71,broken clouds
67,Airai,TL,-8.9266,125.4092,52.27,51,65,2.3,broken clouds
68,Abu Dhabi,AE,24.4667,54.3667,91.96,79,74,6.91,broken clouds
69,Kapaa,US,22.0752,-159.319,81.12,76,11,1.99,few clouds
70,Vaini,TO,-21.2,-175.2,71.76,73,20,12.66,few clouds
71,Alice Springs,AU,-23.7,133.8833,47.75,66,39,9.22,scattered clouds
72,Coahuayana,MX,18.7333,-103.6833,92.03,53,90,4.07,overcast clouds
73,Hobart,AU,-42.8794,147.3294,46.26,78,40,8.05,scattered clouds
74,Bethel,US,41.3712,-73.414,85.5,45,20,11.5,few clouds
75,Kumasi,GH,6.6885,-1.6244,77.7,69,50,2.57,scattered clouds
76,Urengoy,RU,65.9667,78.3667,50.29,82,100,12.71,overcast clouds
77,Odesskoye,RU,54.2111,72.9651,51.48,57,97,9.84,overcast clouds
78,Hearst,CA,49.6835,-83.6665,70.05,74,74,6.91,broken clouds
79,Kargasok,RU,59.0556,80.8572,52.7,76,100,10.09,overcast clouds
80,Yershov,RU,51.3513,48.2766,77.23,28,100,21.74,light rain
81,Ewa Beach,US,21.3156,-158.0072,81.59,72,20,10.36,few clouds
82,Pitea,SE,65.3172,21.4794,59.09,80,81,2.04,broken clouds
83,Ponta Do Sol,PT,32.6667,-17.1,75.0,68,29,2.59,scattered clouds
84,Leningradskiy,RU,69.3833,178.4167,35.53,90,52,10.27,broken clouds
85,Hilo,US,19.7297,-155.09,86.29,79,20,4.61,few clouds
86,Pekan,MY,3.4836,103.3996,77.11,87,32,5.48,scattered clouds
87,Kavieng,PG,-2.5744,150.7967,81.09,79,37,11.61,scattered clouds
88,Caravelas,BR,-17.7125,-39.2481,77.88,55,38,9.66,scattered clouds
89,Tual,ID,-5.6667,132.75,77.09,80,100,16.02,overcast clouds
90,Ayagoz,KZ,47.9714,80.4392,49.66,57,21,11.14,few clouds
91,Souillac,MU,-20.5167,57.5167,70.18,78,20,10.36,few clouds
92,Mount Gambier,AU,-37.8333,140.7667,44.51,83,8,7.2,clear sky
93,Dikson,RU,73.5069,80.5464,41.41,81,100,7.14,light rain
94,Faya,SA,18.3851,42.4509,66.31,60,92,3.31,overcast clouds
95,Talnakh,RU,69.4865,88.3972,43.21,64,0,9.84,clear sky
96,Geraldton,AU,-28.7667,114.6,46.81,87,99,4.61,overcast clouds
97,Bumbesti-Jiu,RO,45.1667,23.4,74.48,50,2,7.0,clear sky
98,Decatur,US,39.8403,-88.9548,80.98,57,75,4.61,broken clouds
99,Bathsheba,BB,13.2167,-59.5167,88.41,66,40,14.97,scattered clouds
100,Hukuntsi,BW,-24.0,21.75,57.16,36,61,21.32,broken clouds
101,Jiangyou,CN,31.7667,104.7167,77.05,91,100,5.75,overcast clouds
102,Kuznechikha,RU,57.2161,42.3348,64.63,66,7,6.89,clear sky
103,Vilhena,BR,-12.7406,-60.1458,91.62,43,40,10.36,smoke
104,Nemuro,JP,43.3236,145.575,63.14,96,100,25.77,overcast clouds
105,Tucuma,BR,-0.1833,-50.05,88.27,55,9,7.7,clear sky
106,Butaritari,KI,3.0707,172.7902,81.27,66,98,8.46,overcast clouds
107,Corn Island,NI,12.1694,-83.0418,83.12,75,98,14.85,overcast clouds
108,Maragogi,BR,-9.0122,-35.2225,77.72,63,26,12.75,scattered clouds
109,Santander,ES,43.4647,-3.8044,68.47,69,75,9.22,broken clouds
110,Sao Filipe,CV,14.8961,-24.4956,77.59,77,36,11.45,scattered clouds
111,Carnarvon,AU,-24.8667,113.6333,63.3,42,100,20.89,overcast clouds
112,Verkhnyaya Inta,RU,65.9811,60.3094,54.75,58,69,10.45,broken clouds
113,Mar Del Plata,AR,-38.0023,-57.5575,51.1,67,40,15.01,scattered clouds
114,Beyneu,KZ,45.3167,55.2,82.54,20,0,9.84,clear sky
115,Port Elizabeth,ZA,-33.918,25.5701,57.49,92,100,8.05,light rain
116,Gerede,TR,40.8008,32.1969,59.18,76,6,2.77,clear sky
117,Noyabrsk,RU,63.1994,75.4507,50.67,87,100,14.56,overcast clouds
118,Kidal,ML,18.4411,1.4078,99.3,23,6,5.39,clear sky
119,Hermanus,ZA,-34.4187,19.2345,54.81,84,98,12.41,light rain
120,Minsk,BY,53.9,27.5667,76.75,71,16,7.9,few clouds
121,Padang,ID,-0.9492,100.3543,78.26,86,82,3.47,broken clouds
122,Khrebtovaya,RU,56.7032,104.2494,45.81,98,100,9.84,moderate rain
123,Lavrentiya,RU,65.5833,-171.0,40.14,86,100,8.66,overcast clouds
124,Mahajanga,MG,-15.7167,46.3167,69.82,88,0,4.61,clear sky
125,Yining,CN,29.0361,114.5636,81.97,70,77,1.79,broken clouds
126,Namatanai,PG,-3.6667,152.4333,77.47,85,38,6.89,scattered clouds
127,Esperance,AU,-33.8667,121.9,51.53,76,9,16.87,clear sky
128,Tura,IN,25.5198,90.2201,80.28,81,98,4.05,overcast clouds
129,San Lorenzo De El Escorial,ES,40.5914,-4.1474,79.23,32,0,11.16,clear sky
130,La Romana,DO,18.4273,-68.9728,93.56,55,75,11.5,broken clouds
131,Alofi,NU,-19.0595,-169.9187,67.89,68,38,14.97,scattered clouds
132,Tateyama,JP,34.9833,139.8667,77.41,85,1,9.95,clear sky
133,Qaanaaq,GL,77.484,-69.3632,37.6,98,100,2.8,overcast clouds
134,Innisfail,AU,-17.5333,146.0333,58.89,85,12,5.23,few clouds
135,Simao,CN,22.7886,100.9748,69.48,87,97,2.48,overcast clouds
136,Altay,CN,47.8667,88.1167,53.31,40,74,4.38,broken clouds
137,New Norfolk,AU,-42.7826,147.0587,44.71,84,60,1.01,broken clouds
138,Hithadhoo,MV,-0.6,73.0833,81.79,77,96,12.8,overcast clouds
139,Lorengau,PG,-2.0226,147.2712,80.13,80,33,7.74,scattered clouds
140,Severo-Kurilsk,RU,50.6789,156.125,55.74,91,40,5.3,scattered clouds
141,Tuktoyaktuk,CA,69.4541,-133.0374,46.4,100,100,26.46,light rain
142,Carutapera,BR,-1.195,-46.02,85.01,63,56,10.71,broken clouds
143,Kasur,PK,31.1156,74.4467,87.91,71,86,3.78,overcast clouds
144,Makat,KZ,47.6469,53.3463,84.09,22,63,8.99,broken clouds
145,Vitim,RU,59.4511,112.5578,49.91,97,100,10.25,light rain
146,Luderitz,NA,-26.6481,15.1594,57.83,67,5,25.66,clear sky
147,Mahebourg,MU,-20.4081,57.7,70.25,78,20,10.36,few clouds
148,Bozuyuk,TR,39.9078,30.0367,75.54,56,37,5.21,scattered clouds
149,Buala,SB,-8.145,159.5921,78.85,78,63,8.05,broken clouds
150,Bredasdorp,ZA,-34.5322,20.0403,54.77,91,81,13.53,light rain
151,Avarua,CK,-21.2078,-159.775,66.25,82,95,2.3,overcast clouds
152,Iqaluit,CA,63.7506,-68.5145,38.93,100,100,11.99,light rain
153,Taltal,CL,-25.4,-70.4833,67.37,56,10,6.13,clear sky
154,Kodiak,US,57.79,-152.4072,54.91,76,100,3.44,overcast clouds
155,Maniitsoq,GL,65.4167,-52.9,43.05,79,9,13.76,clear sky
156,Mwingi,KE,-0.9344,38.0601,72.12,43,30,8.75,scattered clouds
157,Gamba,GA,-2.65,10.0,72.93,85,36,8.14,scattered clouds
158,Launceston,AU,-41.45,147.1667,46.8,88,100,11.5,overcast clouds
159,Port Blair,IN,11.6667,92.75,81.36,82,89,17.76,overcast clouds
160,Ugep,NG,5.8086,8.0812,74.48,88,100,2.48,moderate rain
161,Bandarbeyla,SO,9.4942,50.8122,77.23,79,69,28.88,broken clouds
162,Constitucion,CL,-35.3333,-72.4167,55.4,56,0,15.03,clear sky
163,Canoinhas,BR,-26.1772,-50.39,57.33,96,100,5.64,moderate rain
164,Sao Joao Da Barra,BR,-21.6403,-41.0511,80.69,70,3,28.5,clear sky
165,Pacific Grove,US,36.6177,-121.9166,73.2,81,0,10.0,clear sky
166,Hasaki,JP,35.7333,140.8333,73.8,80,0,9.35,clear sky
167,Poum,NC,-20.2333,164.0167,69.17,65,1,14.05,clear sky
168,Evensk,RU,61.95,159.2333,48.04,84,100,3.83,overcast clouds
169,Mersing,MY,2.4312,103.8405,76.91,88,40,6.91,scattered clouds
170,Bani Walid,LY,31.7566,13.9942,94.59,22,2,19.77,clear sky
171,Bollnas,SE,61.3482,16.3946,59.13,88,100,4.65,overcast clouds
172,Mananjary,MG,-21.2167,48.3333,69.21,87,0,10.31,clear sky
173,Kijang,KR,35.2442,129.2139,73.13,85,89,5.93,overcast clouds
174,Modasa,IN,23.4667,73.3,77.49,91,14,10.56,few clouds
175,Imeni Poliny Osipenko,RU,52.4201,136.4853,55.33,86,24,2.39,few clouds
176,Namibe,AO,-15.1961,12.1522,62.08,88,42,5.5,scattered clouds
177,Carlsbad,US,33.1581,-117.3506,96.35,74,0,10.36,clear sky
178,Lumby,CA,50.2498,-118.969,88.05,34,13,1.14,few clouds
179,Bonthe,SL,7.5264,-12.505,78.17,79,95,11.34,overcast clouds
180,College,US,64.8569,-147.8028,61.07,62,20,9.22,few clouds
181,Saint-Augustin,CA,51.226,-58.6502,66.92,59,100,13.65,overcast clouds
182,Leshukonskoye,RU,64.8989,45.7622,71.6,58,41,4.97,scattered clouds
183,Grindavik,IS,63.8424,-22.4338,55.87,71,75,18.41,broken clouds
184,Dunedin,NZ,-45.8742,170.5036,48.78,92,33,8.57,scattered clouds
185,Puerto Baquerizo Moreno,EC,-0.9,-89.6,70.79,88,100,13.8,light intensity drizzle rain
186,Cherskiy,RU,68.75,161.3,53.01,44,100,10.78,overcast clouds
187,Narsaq,GL,60.9167,-46.05,57.42,44,0,4.56,clear sky
188,Laguna,US,38.421,-121.4238,95.31,43,0,4.61,clear sky
189,Pimentel,PE,-6.8367,-79.9342,68.29,64,20,14.97,few clouds
190,Yulara,AU,-25.2406,130.9889,47.26,63,5,10.83,clear sky
191,Kudahuvadhoo,MV,2.6708,72.8944,82.08,74,84,4.9,broken clouds
192,Nara,JP,34.6851,135.8049,77.5,62,10,1.41,clear sky
193,Grand Forks,US,47.9417,-97.4337,69.53,88,100,8.05,light rain
194,Henties Bay,NA,-22.116,14.2845,55.0,86,37,13.91,scattered clouds
195,Pevek,RU,69.7008,170.3133,38.73,76,0,1.7,clear sky
196,Honiara,SB,-9.4333,159.95,75.51,88,94,4.56,overcast clouds
197,Tarakan,ID,3.3,117.6333,76.5,94,20,3.44,few clouds
198,Grand-Santi,GF,4.25,-54.3833,83.1,77,46,3.78,scattered clouds
199,Keetmanshoop,NA,-26.5833,18.1333,51.24,48,18,17.25,few clouds
200,Codrington,AU,-38.2667,141.9667,42.89,89,22,9.46,few clouds
201,Baruun-Urt,MN,46.6806,113.2792,45.59,93,37,6.35,scattered clouds
202,Makubetsu,JP,45.3714,141.8211,63.48,82,63,11.79,broken clouds
203,Luba,GQ,3.4568,8.5547,76.19,87,100,6.51,light rain
204,Gbarnga,LR,6.9956,-9.4722,78.19,79,86,3.11,light rain
205,Meadow Lake,US,34.8014,-106.5436,82.69,44,20,2.1,few clouds
206,Estelle,US,29.8458,-90.1067,82.99,67,75,6.91,broken clouds
207,Klaksvik,FO,62.2266,-6.589,52.72,88,84,23.22,broken clouds
208,Garissa,KE,-0.4536,39.6401,78.15,55,71,24.02,broken clouds
209,San Carlos Del Zulia,VE,9.0,-71.9135,92.53,48,4,3.71,clear sky
210,Palmer,US,42.1584,-72.3287,84.15,43,75,11.5,broken clouds
211,General Pico,AR,-35.6566,-63.7568,56.08,18,0,11.32,clear sky
212,San Patricio,US,28.017,-97.5169,94.89,49,91,4.9,overcast clouds
213,San Marcos,US,33.1434,-117.1661,95.86,63,0,10.36,clear sky
214,Safaga,EG,26.7292,33.9365,91.24,39,0,7.58,clear sky
215,Cape Coast,GH,5.1053,-1.2466,74.75,83,71,15.55,broken clouds
216,Borovoy,RU,55.4333,86.0833,51.08,81,0,0.0,clear sky
217,Canora,CA,51.6333,-102.4343,77.02,40,11,10.4,few clouds
218,Tiksi,RU,71.6872,128.8694,40.93,97,99,12.71,overcast clouds
219,Miyako,JP,39.6367,141.9525,65.98,89,57,5.03,broken clouds
220,Ilulissat,GL,69.2167,-51.1,42.82,81,75,5.75,broken clouds
221,Nanortalik,GL,60.1432,-45.2371,42.1,74,12,14.2,few clouds
222,Ha Tinh,VN,18.3333,105.9,78.17,87,71,4.97,broken clouds
223,Camopi,GF,3.1655,-52.3158,84.2,67,65,1.59,broken clouds
224,Bambous Virieux,MU,-20.3428,57.7575,70.21,78,20,10.36,few clouds
225,Minot,US,48.2325,-101.2963,75.42,60,40,13.8,scattered clouds
226,Verkhoyansk,RU,67.5447,133.385,52.74,80,81,3.11,light rain
227,Shimoda,JP,34.6667,138.95,74.1,79,2,3.8,clear sky
228,Meulaboh,ID,4.1363,96.1285,77.23,89,71,4.07,broken clouds
229,Labuhan,ID,-6.8844,112.2051,77.47,83,9,5.77,clear sky
230,Hobyo,SO,5.3505,48.5268,76.91,82,83,26.31,broken clouds
231,Karachi,PK,24.9056,67.0822,82.22,83,100,6.91,smoke
232,Norman Wells,CA,65.282,-126.8329,71.64,43,75,5.75,broken clouds
233,Kaitangata,NZ,-46.2817,169.8464,47.82,90,43,6.31,scattered clouds
234,Vestmannaeyjar,IS,63.4427,-20.2734,50.99,93,100,6.91,light rain
235,Clyde River,CA,70.4692,-68.5914,44.83,87,75,6.91,broken clouds
236,Bac Lieu,VN,9.285,105.7244,79.93,84,80,9.01,broken clouds
237,Husavik,IS,66.0449,-17.3389,53.53,77,98,8.14,overcast clouds
238,Sri Aman,MY,1.2376,111.4621,75.25,94,97,0.0,overcast clouds
239,Kununurra,AU,-15.7667,128.7333,49.98,81,10,0.0,clear sky
240,Vila Velha,BR,-20.3297,-40.2925,78.75,74,40,18.41,scattered clouds
241,Valdosta,US,30.8327,-83.2785,87.71,62,75,3.44,broken clouds
242,Ailigandi,PA,9.2333,-78.0167,84.29,72,100,8.57,overcast clouds
243,Endicott,US,42.0984,-76.0494,82.36,57,0,10.36,clear sky
244,Katangli,RU,51.7102,143.2326,61.65,81,39,8.37,scattered clouds
245,Ostrovnoy,RU,68.0531,39.5131,51.21,90,100,10.6,overcast clouds
246,Yeppoon,AU,-23.1333,150.7333,47.98,82,0,2.71,clear sky
247,Guerrero Negro,MX,27.9769,-114.0611,80.04,59,95,10.87,overcast clouds
248,Beeville,US,28.4008,-97.7483,94.28,52,75,4.61,broken clouds
249,Kalmunai,LK,7.4167,81.8167,78.22,82,99,9.84,overcast clouds
250,Marsa Matruh,EG,31.3525,27.2453,80.62,75,0,9.89,clear sky
251,Nurota,UZ,40.5614,65.6886,76.15,16,0,16.4,clear sky
252,Srednekolymsk,RU,67.45,153.6833,51.53,74,93,10.13,overcast clouds
253,Bacolod,PH,10.6667,122.95,77.56,86,100,5.26,moderate rain
254,Jardim,BR,-21.4803,-56.1381,58.48,94,100,14.32,light rain
255,Jiuquan,CN,39.7432,98.5174,68.58,49,55,1.63,broken clouds
256,Westport,US,41.1415,-73.3579,87.28,45,75,13.8,broken clouds
257,Longyearbyen,SJ,78.2186,15.6401,44.44,70,75,19.57,light rain
258,Betanzos,ES,43.2804,-8.2147,70.63,71,20,9.22,few clouds
259,Fort-Shevchenko,KZ,44.5086,50.263,83.16,34,1,9.55,clear sky
260,Kruisfontein,ZA,-34.0033,24.7314,54.88,83,99,11.18,light rain
261,Monte Alegre,BR,-2.0078,-54.0692,96.37,32,8,4.21,clear sky
262,Coihaique,CL,-45.5752,-72.0662,49.95,66,75,3.44,broken clouds
263,Broken Hill,AU,-31.95,141.4333,46.06,82,55,17.45,broken clouds
264,Port Lincoln,AU,-34.7333,135.8667,51.4,72,14,11.79,few clouds
265,Pangnirtung,CA,66.1451,-65.7125,42.8,87,75,12.66,broken clouds
266,Staryy Nadym,RU,65.6118,72.6842,48.49,83,100,9.71,overcast clouds
267,Beloha,MG,-25.1667,45.05,62.62,80,15,1.39,few clouds
268,Saskylakh,RU,71.9167,114.0833,36.79,88,100,13.89,overcast clouds
269,Vostok,RU,46.4856,135.8833,58.71,74,88,4.81,overcast clouds
270,Canutama,BR,-6.5339,-64.3831,92.55,47,27,0.98,scattered clouds
271,Svetlyy,RU,54.675,20.1347,76.96,56,99,6.73,overcast clouds
272,Ahipara,NZ,-35.1667,173.1667,63.36,95,100,20.89,light rain
273,Ofaqim,IL,31.3141,34.6203,75.7,61,0,6.89,clear sky
274,Lima,PE,-12.0432,-77.0282,59.25,77,100,5.75,overcast clouds
275,Quang Ngai,VN,15.1167,108.8,77.65,88,79,4.38,light rain
276,Chicama,PE,-7.8447,-79.1469,61.34,59,43,10.78,scattered clouds
277,Almaznyy,RU,48.0448,40.045,77.43,49,49,5.91,scattered clouds
278,Chumikan,RU,54.7183,135.315,56.05,80,89,14.16,overcast clouds
279,Celestun,MX,20.8667,-90.4,86.31,63,85,6.78,overcast clouds
280,Xiongzhou,CN,25.1167,114.3,78.98,82,6,2.57,clear sky
281,Ancud,CL,-41.8697,-73.8203,45.52,94,100,11.36,light rain
282,Koryazhma,RU,61.3143,47.1691,65.68,77,52,5.23,broken clouds
283,Kachiry,KZ,53.0675,76.1036,49.84,91,100,12.46,light rain
284,Sovetsk,RU,55.0839,21.8785,75.54,68,99,5.66,overcast clouds
285,Fortuna,US,40.5982,-124.1573,63.52,91,100,9.22,overcast clouds
286,Camana,PE,-16.6228,-72.7111,63.23,74,54,10.58,broken clouds
287,Mayumba,GA,-3.432,10.6554,71.73,90,60,6.73,broken clouds
288,Ugra,RU,54.7777,34.3267,67.46,67,2,5.53,clear sky
289,Dwarka,IN,22.2394,68.9678,80.83,89,100,15.01,overcast clouds
290,Chor,PK,25.5167,69.7667,79.88,86,100,10.42,overcast clouds
291,Oussouye,SN,12.485,-16.5469,86.18,73,77,11.18,broken clouds
292,Provost,CA,52.3501,-110.2683,79.25,40,6,1.77,clear sky
293,Asyut,EG,27.181,31.1837,91.31,19,0,7.34,clear sky
294,Dondo,MZ,-19.6094,34.7431,71.11,60,4,7.18,clear sky
295,Guiglo,CI,6.5456,-7.4966,77.29,76,100,2.71,overcast clouds
296,Ugoofaaru,MV,5.6667,73.0,80.96,77,35,5.91,scattered clouds
297,Flinders,AU,-34.5833,150.8552,62.38,74,100,1.99,overcast clouds
298,Goianesia,BR,-15.3175,-49.1175,91.98,17,1,6.69,clear sky
299,Amapa,BR,1.0,-52.0,88.09,50,30,4.63,very heavy rain
300,Bonavista,CA,48.6499,-53.1147,59.59,93,100,9.37,light rain
301,Cozumel,MX,20.5083,-86.9458,86.07,74,75,6.91,broken clouds
302,Vanimo,PG,-2.6741,141.3028,76.73,89,90,3.47,overcast clouds
303,Punta De Piedra,VE,7.6176,-71.4916,89.56,49,0,4.63,clear sky
304,Pisco,PE,-13.7,-76.2167,65.01,77,69,12.66,haze
305,Cairns,AU,-16.9167,145.7667,60.06,89,9,13.8,clear sky
306,Itarema,BR,-2.9248,-39.9167,85.1,55,59,18.05,broken clouds
307,Lata,PT,40.1629,-8.3327,82.49,41,3,8.61,clear sky
308,Mattru,SL,7.6244,-11.8332,77.85,82,91,6.73,overcast clouds
309,Qaqortoq,GL,60.7167,-46.0333,46.96,55,0,3.51,clear sky
310,Barrow,US,71.2906,-156.7887,42.82,75,100,24.16,light rain
311,Khartoum,SD,15.5518,32.5324,91.89,40,16,9.17,few clouds
312,Borger,NL,52.9233,6.7931,72.82,74,56,7.58,broken clouds
313,Lebu,CL,-37.6167,-73.65,50.86,69,7,14.56,clear sky
314,Lagoa,PT,39.05,-27.9833,70.95,62,49,5.3,scattered clouds
315,Movila,RO,44.55,27.7,80.51,69,43,6.64,scattered clouds
316,Hambantota,LK,6.1241,81.1185,79.14,94,20,10.36,few clouds
317,Bengkulu,ID,-3.8004,102.2655,75.13,89,34,6.78,scattered clouds
318,Dingle,PH,10.9995,122.6711,74.89,91,100,0.94,heavy intensity rain
319,Bosaso,SO,11.2842,49.1816,90.09,48,27,3.0,scattered clouds
320,Kaeo,NZ,-35.1,173.7833,63.32,98,100,15.79,light rain
321,Yunyang,CN,33.4474,112.7142,86.16,62,100,4.9,overcast clouds
322,Manokwari,ID,-0.8667,134.0833,77.09,81,14,4.27,few clouds
323,Broome,US,42.2506,-75.833,82.02,59,0,10.36,clear sky
324,Sambava,MG,-14.2667,50.1667,70.18,89,13,9.33,light rain
325,Rutul,RU,41.5357,47.4239,67.35,35,38,5.59,scattered clouds
326,Paranhos,BR,-23.8928,-55.4311,63.5,58,98,12.55,overcast clouds
327,Naze,JP,28.3667,129.4833,81.52,84,92,13.65,overcast clouds
328,Hami,CN,42.8,93.45,74.68,26,0,2.86,clear sky
329,Faanui,PF,-16.4833,-151.75,78.73,76,69,22.12,broken clouds
330,Cidreira,BR,-30.1811,-50.2056,53.53,69,100,17.74,overcast clouds
331,Vardo,NO,70.3705,31.1107,51.78,82,75,5.75,broken clouds
332,Santa Cruz De Tenerife,ES,28.4682,-16.2546,79.88,81,40,18.41,scattered clouds
333,Port Hardy,CA,50.6996,-127.4199,59.18,100,100,2.3,fog
334,Sehithwa,BW,-20.4667,22.7167,70.63,10,68,2.04,broken clouds
335,Oyon,PE,-10.6681,-76.7731,62.74,20,14,4.43,few clouds
336,Banda Aceh,ID,5.5577,95.3222,79.7,83,53,7.76,broken clouds
337,Durban,ZA,-29.8579,31.0292,66.02,77,66,3.0,broken clouds
338,Lompoc,US,34.6391,-120.4579,84.69,68,0,13.8,clear sky
339,Teya,RU,60.3778,92.6267,48.0,97,97,2.33,overcast clouds
340,Abu Samrah,SY,35.3029,37.1841,84.47,36,0,10.65,clear sky
341,Simplicio Mendes,BR,-7.8539,-41.9103,93.02,25,0,9.44,clear sky
342,Hirara,JP,24.8,125.2833,85.24,77,66,21.63,broken clouds
343,Pringsewu,ID,-5.3582,104.9744,72.12,96,9,1.43,clear sky
344,Rawalpindi,PK,33.6007,73.0679,83.23,77,20,2.15,few clouds
345,Mtama,TZ,-10.3,39.3667,70.09,93,16,5.75,few clouds
346,Karratha,AU,-20.7377,116.8463,71.02,28,31,17.36,scattered clouds
347,Kapoeta,SS,4.7717,33.5903,79.32,50,44,1.86,scattered clouds
348,Maldonado,UY,-34.6667,-54.9167,49.39,61,8,21.0,clear sky
349,Nyagan,RU,62.1406,65.3936,51.49,81,100,3.94,overcast clouds
350,Kimparana,ML,12.8347,-4.9244,85.03,60,82,10.51,broken clouds
351,Bereda,ES,43.2686,-7.5406,68.41,64,1,5.84,clear sky
352,Gimli,CA,50.6336,-96.9907,65.8,91,100,6.44,overcast clouds
353,Saurimo,AO,-9.6608,20.3916,75.33,21,34,1.16,scattered clouds
354,Touros,BR,-5.1989,-35.4608,82.11,62,22,19.73,few clouds
355,Mazamari,PE,-11.3258,-74.5308,91.27,42,65,4.23,broken clouds
356,San Cristobal,VE,7.7669,-72.225,84.38,33,0,8.72,clear sky
357,Katsuura,JP,35.1333,140.3,76.84,88,0,11.34,clear sky
358,Mnogovershinnyy,RU,53.9353,139.9242,55.36,91,64,4.7,broken clouds
359,Eydhafushi,MV,5.1033,73.0708,80.55,77,29,5.17,scattered clouds
360,Klitos,GR,40.4333,21.8667,81.32,26,0,3.44,clear sky
361,Tahe,CN,52.3333,124.7333,51.21,88,97,2.3,overcast clouds
362,Qiongshan,CN,20.0058,110.3542,78.78,94,0,2.24,clear sky
363,Kota Bahru,MY,6.1333,102.2386,76.95,94,20,0.0,few clouds
364,Olinda,BR,-8.0089,-34.8553,82.13,61,40,14.97,scattered clouds
365,Vilyuysk,RU,63.7553,121.6247,50.95,97,100,2.68,light rain
366,Nishihara,JP,26.1842,127.7558,84.25,81,20,17.27,few clouds
367,Belyy Yar,RU,53.6039,91.3903,47.86,75,0,0.0,clear sky
368,Oistins,BB,13.0667,-59.5333,87.89,66,40,14.97,scattered clouds
369,Half Moon Bay,US,37.4636,-122.4286,84.88,73,40,6.91,scattered clouds
370,Tonj,SS,7.2737,28.6822,71.82,96,48,4.65,moderate rain
371,Hamilton,US,39.1834,-84.5333,84.74,51,40,4.61,scattered clouds
372,Karpathos,GR,35.507,27.2132,78.76,78,20,23.02,few clouds
373,Chuy,UY,-33.6971,-53.4616,51.58,53,29,16.82,scattered clouds
374,Finschhafen,PG,-6.6024,147.8681,77.63,84,72,5.44,broken clouds
375,Price,US,39.5994,-110.8107,85.12,32,0,3.44,clear sky
376,Mehamn,NO,71.0357,27.8492,49.91,73,32,5.57,scattered clouds
377,Saint-Leu,RE,-21.15,55.2833,68.83,71,6,1.92,clear sky
378,Beringovskiy,RU,63.05,179.3167,46.42,69,77,17.47,broken clouds
379,Flin Flon,CA,54.7682,-101.865,76.84,57,40,5.75,smoke
380,Manaure,CO,11.7751,-72.4445,91.44,44,0,19.6,clear sky
381,Caxito,AO,-8.5785,13.6643,71.42,75,8,7.67,clear sky
382,Nyurba,RU,63.2842,118.3319,47.37,98,38,2.86,scattered clouds
383,Nosy Varika,MG,-20.5833,48.5333,68.59,87,0,10.51,clear sky
384,Carbonear,CA,47.7332,-53.2148,63.63,97,100,11.43,light rain
385,Vestmanna,FO,62.1564,-7.1664,50.92,93,100,16.11,overcast clouds
386,Houma,US,29.5958,-90.7195,90.0,78,40,9.22,scattered clouds
387,Aripuana,BR,-9.1667,-60.6333,97.41,30,26,2.48,scattered clouds
388,Roma,US,43.2128,-75.4557,80.73,71,0,11.5,clear sky
389,Yerbogachen,RU,61.2767,108.0108,48.0,99,100,2.71,overcast clouds
390,Khandyga,RU,62.6667,135.6,51.58,96,100,4.23,overcast clouds
391,Huarmey,PE,-10.0681,-78.1522,67.37,68,95,11.25,overcast clouds
392,Mirador,BR,-6.3708,-44.3631,97.65,25,1,6.11,clear sky
393,Darnah,LY,32.767,22.6367,81.19,76,0,15.08,clear sky
394,Abalak,RU,58.1286,68.5944,47.46,86,96,5.55,overcast clouds
395,Loharu,IN,28.45,75.8167,85.51,66,71,8.05,broken clouds
396,Nassau,US,40.7507,-73.5829,89.33,44,20,5.01,few clouds
397,Makambako,TZ,-8.8453,34.823,58.89,65,23,9.46,few clouds
398,Blackfoot,US,43.1905,-112.345,95.05,15,17,1.36,few clouds
399,Sarkand,KZ,45.41,79.9186,56.37,39,0,5.73,clear sky
400,Ambam,CM,2.3833,11.2833,69.46,94,91,3.89,light rain
401,Fort Nelson,CA,58.8053,-122.7002,72.99,53,20,2.3,few clouds
402,Batagay-Alyta,RU,67.8006,130.4114,48.27,82,98,5.32,overcast clouds
403,Sao Felix Do Xingu,BR,-6.6447,-51.995,100.29,19,0,3.31,clear sky
404,Abashiri,JP,44.0213,144.2697,64.94,95,100,13.42,overcast clouds
405,Saint Paul,US,44.9444,-93.0933,80.11,62,40,8.05,scattered clouds
406,Bertoua,CM,4.5833,13.6833,67.3,98,100,1.95,light rain
407,Denpasar,ID,-8.65,115.2167,78.46,88,40,12.66,scattered clouds
408,Lagos De Moreno,MX,21.35,-101.9167,77.29,55,42,3.2,scattered clouds
409,Rocha,UY,-34.4833,-54.3333,49.1,62,9,18.99,clear sky
410,Kamenka,RU,51.3223,42.7678,70.86,52,100,21.83,overcast clouds
411,Mansa,IN,29.9833,75.3833,84.87,66,64,2.59,broken clouds
412,Corinto,GR,37.9407,22.9573,85.89,36,0,1.41,clear sky
413,Schroeder,BR,-26.4125,-49.0731,69.76,97,100,1.48,moderate rain
414,Beckley,US,37.7782,-81.1882,78.69,55,20,5.75,few clouds
415,Belmonte,BR,-15.8631,-38.8828,74.98,68,97,6.76,overcast clouds
416,Eureka,US,40.8021,-124.1637,81.68,88,67,4.0,broken clouds
417,Haines Junction,CA,60.7522,-137.5108,55.35,67,100,0.0,overcast clouds
418,Ambon,ID,-3.6954,128.1814,77.14,88,40,5.75,scattered clouds
419,Hare Bay,CA,48.8499,-54.0148,67.35,97,100,9.37,overcast clouds
420,Gat,IL,31.61,34.7642,80.82,100,0,2.86,clear sky
421,Abeche,TD,13.8292,20.8324,79.47,73,97,3.22,overcast clouds
422,Bemidji,US,47.4736,-94.8803,69.39,100,100,0.0,thunderstorm with heavy rain
423,Camocim,BR,-2.9022,-40.8411,85.42,59,82,17.43,broken clouds
424,Fare,PF,-16.7,-151.0167,77.95,77,25,22.95,scattered clouds
425,Shagamu,NG,6.8432,3.6478,73.96,91,100,4.47,moderate rain
426,Nikki,BJ,9.9401,3.2108,75.06,82,100,4.52,light rain
427,San Quintin,MX,30.4833,-115.95,75.34,75,100,12.97,overcast clouds
428,Marawi,PH,7.9986,124.2928,68.79,93,100,2.26,overcast clouds
429,Katesh,TZ,-4.5167,35.3833,59.67,49,0,6.24,clear sky
430,Karonga,MW,-9.9333,33.9333,71.87,76,7,2.19,clear sky
431,Moron,AR,-34.6534,-58.6198,54.99,42,8,12.75,clear sky
432,Mazagao,BR,-0.115,-51.2894,95.05,40,15,4.21,few clouds
433,Cabedelo,BR,-6.9811,-34.8339,81.27,69,50,17.27,scattered clouds
434,Dayong,CN,25.0209,118.2898,78.64,90,96,1.28,overcast clouds
435,Port-Gentil,GA,-0.7193,8.7815,76.96,78,100,8.05,overcast clouds
436,Primorsk,UA,46.7348,36.3443,77.04,71,70,6.76,broken clouds
437,Colares,PT,38.7992,-9.4469,82.08,38,0,20.71,clear sky
438,Honningsvag,NO,70.9821,25.9704,51.55,71,20,0.0,few clouds
439,Kavaratti,IN,10.5669,72.642,81.23,79,100,11.45,overcast clouds
440,Leh,IN,34.1667,77.5833,68.45,37,2,4.79,clear sky
441,Berlevag,NO,70.8578,29.0864,51.6,66,11,2.3,few clouds
442,Coquimbo,CL,-29.9533,-71.3436,63.34,61,0,8.66,clear sky
443,Sao Paulo De Olivenca,BR,-3.3783,-68.8725,86.52,62,100,1.77,overcast clouds
444,Ulladulla,AU,-35.35,150.4667,56.64,64,100,8.66,overcast clouds
445,Avera,US,33.194,-82.5271,84.54,57,91,5.06,overcast clouds
446,Plouzane,FR,48.3833,-4.6167,64.72,100,100,11.5,mist
447,Nago,JP,26.5881,127.9761,85.05,83,63,12.82,broken clouds
448,Moerai,PF,-22.4333,-151.3333,74.53,81,100,15.46,light rain
449,Makakilo City,US,21.3469,-158.0858,80.19,73,0,10.36,clear sky
450,Xai-Xai,MZ,-25.0519,33.6442,69.06,87,3,10.38,clear sky
451,Buchanan,LR,5.8808,-10.0467,76.19,78,96,7.18,overcast clouds
452,Chenghai,CN,23.4632,116.768,82.31,89,40,4.47,scattered clouds
453,Markala,ML,13.7021,-6.0659,82.15,69,100,7.11,overcast clouds
454,Saint George,US,37.1041,-113.5841,88.95,41,0,8.05,clear sky
455,Gornopravdinsk,RU,60.05,69.9,48.49,91,100,4.65,overcast clouds
456,Marsabit,KE,2.3284,37.9899,70.21,40,100,17.27,overcast clouds
457,Nuevo Progreso,MX,23.1667,-97.95,98.55,40,1,3.0,clear sky
458,Macieira De Cambra,PT,40.8594,-8.3734,74.19,43,7,3.94,clear sky
459,Tieling,CN,42.2931,123.8414,68.83,94,100,15.08,moderate rain
460,Hovd,MN,48.0056,91.6419,55.36,30,100,4.05,overcast clouds
461,Kayes,ML,14.0,-11.0,77.68,86,100,5.61,light rain
462,Trat,TH,12.5,102.5,82.87,91,100,0.38,overcast clouds
463,Abastumani,GE,41.7075,42.8457,63.45,90,3,2.15,clear sky
464,Samarai,PG,-10.6167,150.6667,75.81,60,88,9.24,overcast clouds
465,Marrakesh,MA,31.6315,-8.0083,100.47,20,0,3.44,clear sky
466,Lazaro Cardenas,MX,17.9583,-102.2,88.23,58,13,10.67,few clouds
467,Bhatapara,IN,21.7333,81.9333,80.24,82,100,6.98,light rain
468,Mehran,IR,33.1222,46.1646,100.35,8,0,12.39,clear sky
469,Virginia Beach,US,36.8529,-75.978,87.04,60,40,9.22,scattered clouds
470,Dezful,IR,32.3811,48.4058,102.29,12,0,4.23,clear sky
471,Batagay,RU,67.6333,134.6333,53.26,81,80,0.4,broken clouds
472,Okhotsk,RU,59.3833,143.3,55.02,95,100,40.4,light rain
473,Acarau,BR,-2.8856,-40.12,83.37,60,100,19.04,overcast clouds
474,Telimele,GN,10.9167,-13.3333,72.1,97,97,3.67,light rain
475,Myingyan,MM,21.4667,95.3833,79.83,77,44,11.63,scattered clouds
476,Severo-Yeniseyskiy,RU,60.3725,93.0408,43.83,97,53,2.55,broken clouds
477,Dryden,CA,49.7833,-92.7503,79.09,61,40,3.44,scattered clouds
478,Kulhudhuffushi,MV,6.6221,73.07,80.87,77,13,7.0,few clouds
479,Eagle Pass,US,28.7091,-100.4995,96.28,52,0,0.0,clear sky
480,Ratnagiri,IN,16.9833,73.3,78.03,90,47,6.22,scattered clouds
481,Bentiu,SS,9.2333,29.8333,73.24,94,100,4.12,light rain
482,Sayyan,YE,15.1718,44.3244,63.36,68,93,4.18,overcast clouds
483,Kitimat,CA,54.0524,-128.6534,76.91,49,2,3.44,clear sky
484,Katobu,ID,-4.9408,122.5276,71.56,88,11,4.34,few clouds
485,Iquitos,PE,-3.7481,-73.2472,91.44,58,75,5.75,broken clouds
486,Batemans Bay,AU,-35.7167,150.1833,54.1,69,100,5.39,overcast clouds
487,Pocone,BR,-16.2567,-56.6228,74.05,79,75,16.71,heavy intensity rain
488,Bilma,NE,18.6853,12.9164,99.3,12,10,14.2,clear sky
489,Taoudenni,ML,22.6783,-3.9836,104.04,21,12,5.77,few clouds
490,Bintulu,MY,3.1667,113.0333,77.41,88,40,5.01,scattered clouds
491,Teluknaga,ID,-6.0989,106.6381,81.63,74,20,6.91,few clouds
492,Portland,US,45.5234,-122.6762,88.7,59,75,0.0,broken clouds
493,Serenje,ZM,-13.2325,30.2352,59.92,54,5,3.91,clear sky
494,Ponta Delgada,PT,37.7333,-25.6667,74.12,60,75,9.22,broken clouds
495,The Valley,AI,18.217,-63.0578,87.66,70,20,14.97,few clouds
496,Vao,NC,-22.6667,167.4833,68.0,58,5,11.03,clear sky
497,Ardakan,IR,32.31,54.0175,83.03,9,0,5.19,clear sky
498,Nabire,ID,-3.3667,135.4833,75.07,91,100,2.19,overcast clouds
499,Tecoanapa,MX,16.5167,-98.75,85.8,68,100,9.48,overcast clouds
500,Tessalit,ML,20.1986,1.0114,92.19,33,52,14.25,light rain
501,Oksfjord,NO,70.2396,22.3479,54.0,72,26,7.47,scattered clouds
502,Marabba,SD,12.35,32.1833,80.01,73,100,11.65,overcast clouds
503,Kelowna,CA,49.8831,-119.4857,90.75,31,0,3.44,clear sky
504,Bartica,GY,6.4,-58.6167,88.12,58,36,3.94,scattered clouds
505,Egvekinot,RU,66.3167,-179.1667,38.14,69,34,8.01,scattered clouds
506,Urucara,BR,-2.5364,-57.76,99.84,25,1,4.34,clear sky
507,Yantal,RU,56.8471,105.2542,48.29,97,100,10.11,light rain
508,Elko,US,41.0002,-115.5012,74.73,45,100,5.99,overcast clouds
509,Seymchan,RU,62.8833,152.4333,50.92,86,100,4.56,overcast clouds
510,Tornio,FI,65.8481,24.1466,57.22,81,100,6.06,overcast clouds
511,Goedereede,NL,51.8175,3.9806,73.98,73,7,4.94,clear sky
512,Luohe,CN,33.5717,114.0353,84.49,67,100,6.38,overcast clouds
513,Bria,CF,6.5423,21.9863,69.12,98,59,3.87,light rain
514,Pontianak,ID,-0.0333,109.3333,78.78,94,100,1.14,overcast clouds
515,Rawah,IQ,34.4816,41.9093,93.58,17,0,6.8,clear sky
516,Nampula,MZ,-15.1165,39.2666,71.55,78,0,11.5,clear sky
517,Gubkinskiy,RU,64.434,76.5026,49.73,86,100,14.27,overcast clouds
518,Hammerfest,NO,70.6634,23.6821,48.65,93,0,10.36,clear sky
519,Huanan,CN,46.2167,130.5167,65.64,98,100,2.98,light rain
520,Hirado,JP,33.3597,129.5531,76.39,85,28,8.1,scattered clouds
521,Zakopane,PL,49.299,19.9489,75.63,76,5,4.85,clear sky
522,Port Augusta,AU,-32.5,137.7667,44.49,87,0,5.39,clear sky
523,Camacha,PT,33.0833,-16.3333,69.22,68,75,13.8,broken clouds
524,Fukue,JP,32.6881,128.8419,81.79,84,12,7.47,few clouds
525,Dibulla,CO,11.2725,-73.3091,93.18,45,1,12.68,clear sky
526,Cabo San Lucas,MX,22.8909,-109.9124,93.61,66,20,5.75,few clouds
527,Derzhavinsk,KZ,51.1,66.3167,56.93,44,100,12.91,overcast clouds
528,Sakakah,SA,29.9697,40.2064,103.57,16,6,2.3,clear sky
529,Soria,ES,41.6667,-2.6667,64.11,61,13,8.97,few clouds
530,Santa Helena De Goias,BR,-17.8136,-50.5969,94.12,17,1,14.16,clear sky
531,Kroya,ID,-7.6331,109.2461,75.56,91,40,8.84,scattered clouds
532,Ngorongoro,TZ,-3.2397,35.4875,53.08,48,14,3.42,few clouds
533,Akdagmadeni,TR,39.6603,35.8836,63.93,80,1,5.21,clear sky
534,Nexo,DK,55.0607,15.1306,75.29,83,100,11.81,overcast clouds
535,Progreso,MX,21.2833,-89.6667,86.11,62,91,14.25,overcast clouds
536,Umm Lajj,SA,25.0213,37.2685,90.84,51,0,5.48,clear sky
537,Kumo,NG,10.0447,11.2122,70.34,94,93,9.24,overcast clouds
538,Ukiah,US,39.1502,-123.2078,100.36,25,0,0.0,clear sky
539,Mayo,US,38.8876,-76.5119,87.08,55,40,5.75,scattered clouds
540,Wanaka,NZ,-44.7,169.15,47.68,86,83,4.9,broken clouds
541,Dinghai,CN,26.2847,119.7936,81.52,87,99,6.42,overcast clouds
542,La Ronge,CA,55.1001,-105.2842,73.65,53,20,3.44,few clouds
543,Okha,RU,53.5739,142.9478,62.65,89,100,13.22,overcast clouds
544,Staraya Russa,RU,57.9944,31.3608,68.85,64,87,5.55,overcast clouds
545,Dzaoudzi,YT,-12.7887,45.2699,75.09,78,100,4.61,overcast clouds
546,Arandis,NA,-22.4167,14.9667,50.38,70,81,3.13,broken clouds
547,Mayabon,PH,9.0961,123.1738,78.78,87,100,5.06,overcast clouds
548,San Pedro,PH,14.35,121.0167,78.35,93,20,2.3,few clouds
549,Black Diamond,US,47.3087,-122.0032,86.25,55,100,4.9,overcast clouds
550,Winfield,US,37.2398,-96.9956,85.44,41,40,3.44,scattered clouds
551,Kenitra,MA,34.261,-6.5802,75.96,73,0,8.05,clear sky
552,Quatre Cocos,MU,-20.2078,57.7625,70.09,76,0,12.01,clear sky
553,Ushtobe,KZ,45.2514,77.9838,61.41,37,4,6.53,clear sky
554,Stara Vyzhivka,UA,51.4376,24.44,71.87,67,78,1.32,broken clouds
555,Eucaliptus,BO,-17.5833,-67.5167,53.82,5,0,3.83,clear sky
556,Vindeby,DK,55.0449,10.6131,68.63,84,0,4.54,clear sky
557,Rincon,US,32.296,-81.2354,84.94,61,100,0.0,overcast clouds
558,Akdepe,TM,42.0551,59.3788,73.49,28,0,13.6,clear sky
559,Kumbo,CM,6.2,10.6667,59.36,98,100,1.03,moderate rain
560,Bara,NG,10.3744,10.7288,71.02,94,100,8.19,overcast clouds
561,Belaya Gora,RU,68.5333,146.4167,50.72,86,12,7.2,few clouds
562,Buraydah,SA,26.326,43.975,99.05,9,5,9.73,clear sky
563,Kos,GR,36.8933,27.2889,85.44,61,0,12.57,clear sky
564,Ilhabela,BR,-23.7781,-45.3581,75.33,68,5,8.72,clear sky
565,Muros,ES,42.7762,-9.0603,75.69,72,10,11.65,clear sky
566,Petrovskoye,RU,57.0104,39.2693,64.06,60,4,8.05,clear sky
567,Waddan,LY,29.1614,16.139,93.52,23,0,17.96,clear sky
568,Semporna,MY,4.4818,118.6112,78.42,84,31,6.38,scattered clouds
569,Bjornevatn,NO,69.6672,29.9847,53.94,71,75,6.91,broken clouds
570,Popondetta,PG,-8.7537,148.2534,70.75,89,83,0.4,broken clouds
571,Taloqan,AF,36.7361,69.5345,78.08,22,1,3.2,clear sky
572,Antalaha,MG,-14.9003,50.2788,68.68,91,90,6.49,light rain
573,Jacareacanga,BR,-6.2222,-57.7528,103.19,20,5,2.62,clear sky
574,Bonnyville,CA,54.2668,-110.735,80.4,38,12,3.31,few clouds
575,San Jeronimo,PE,-11.9472,-75.2829,67.96,22,36,4.0,scattered clouds
576,Ust-Omchug,RU,61.15,149.6333,52.12,95,100,3.8,overcast clouds
577,Rochester,US,43.1548,-77.6156,84.61,52,75,13.8,broken clouds
578,Khatassy,RU,61.9036,129.6383,51.78,95,10,3.42,clear sky
579,La Crosse,US,43.8014,-91.2396,78.71,78,0,10.36,clear sky
580,Nanakuli,US,21.3906,-158.1547,84.15,61,0,3.44,clear sky
581,Shenjiamen,CN,29.9576,122.298,81.09,92,100,20.92,overcast clouds
582,Tecpan,GT,14.7623,-90.9947,62.89,88,96,3.27,overcast clouds
583,Puro,PH,12.4841,123.3827,79.45,81,100,2.68,overcast clouds
584,Cocula,MX,20.3652,-103.8222,83.07,46,96,2.17,overcast clouds
585,Thinadhoo,MV,0.5333,72.9333,81.97,77,100,10.69,overcast clouds
586,Ambovombe,MG,-25.1667,46.0833,67.68,74,76,6.69,broken clouds
587,Nador,MA,35.174,-2.9287,82.47,47,0,4.61,clear sky
588,Merauke,ID,-8.4667,140.3333,73.35,74,54,13.69,broken clouds
589,Murgab,TM,37.4966,61.9714,78.67,29,0,6.91,clear sky
590,Tarko-Sale,RU,64.9225,77.785,49.8,90,100,11.45,overcast clouds
591,Asosa,ET,10.0667,34.5333,60.46,97,100,2.46,light rain
592,San Ramon,US,37.7799,-121.978,89.82,46,0,7.0,clear sky
593,Anori,BR,-3.7728,-61.6442,98.06,32,88,4.23,overcast clouds
594,Turayf,SA,31.6725,38.6637,95.25,23,0,9.22,clear sky
595,Finnsnes,NO,69.2296,17.9811,56.01,68,60,5.35,broken clouds
596,Xam Nua,LA,20.4197,104.0439,66.58,98,100,2.01,overcast clouds
597,Goderich,CA,43.7501,-81.7165,73.72,73,3,6.91,clear sky
598,Zeya,RU,53.75,127.2667,49.64,91,0,3.09,clear sky
599,Valparaiso,CL,-33.0393,-71.6273,71.24,44,0,13.8,clear sky
600,Soverato,IT,38.685,16.5499,87.15,67,0,2.39,clear sky
601,Kailua,US,21.4022,-157.7394,84.18,76,40,9.22,scattered clouds
602,Kishi,NG,9.0833,3.85,73.06,90,100,2.33,moderate rain
603,Renqiu,CN,38.6989,116.0936,75.65,97,77,5.79,broken clouds
604,Lincoln,US,40.8,-96.667,87.3,47,0,10.36,clear sky
605,Lusambo,CD,-4.9667,23.45,73.18,69,15,1.07,few clouds
606,Nuuk,GL,64.1835,-51.7216,52.41,62,20,6.91,few clouds
607,Nelson,NZ,-41.2833,173.2833,58.28,100,100,1.01,overcast clouds
608,Nocrich,RO,45.9,24.45,73.27,53,75,1.77,broken clouds
609,Diphu,IN,25.8333,93.4333,78.66,89,27,1.66,scattered clouds
610,Baykit,RU,61.67,96.37,46.87,90,45,4.38,scattered clouds
611,Rio Gallegos,AR,-51.6226,-69.2181,46.45,49,0,8.05,clear sky
612,Mount Pleasant,US,32.7941,-79.8626,81.0,83,75,12.66,broken clouds
613,Morristown,US,36.214,-83.2949,83.91,51,0,6.91,clear sky
614,Samana,DO,19.2056,-69.3369,88.02,70,40,9.22,scattered clouds
615,Kuybysheve,UA,47.358,36.6491,72.82,60,51,5.21,broken clouds
616,Xuanwu,CN,32.069,118.8138,87.75,75,77,4.18,broken clouds
617,Borba,BR,-4.3878,-59.5939,99.9,28,82,3.94,broken clouds
618,Rodniki,RU,57.1051,41.7305,63.01,67,7,7.43,clear sky
619,Yafran,LY,32.0633,12.5286,94.23,14,52,11.77,broken clouds
620,Seydi,TM,39.4816,62.9137,78.08,14,0,12.57,clear sky
621,Arlit,NE,18.7369,7.3853,101.95,8,0,12.8,clear sky
622,Qandala,SO,11.472,49.8728,88.43,59,19,4.72,few clouds
623,Aksu,CN,41.1231,80.2644,73.33,55,3,6.35,clear sky
624,Sept-Iles,CA,50.2001,-66.3821,63.12,92,100,13.8,mist
625,Sao Domingos,BR,-13.3983,-46.3183,91.17,16,5,3.15,clear sky
626,Kathmandu,NP,27.7167,85.3167,73.62,94,75,4.61,broken clouds
627,Dinahican,PH,14.7167,121.7167,79.86,84,100,6.35,overcast clouds
628,Zharkent,KZ,44.1628,80.0,62.73,25,2,2.51,clear sky
629,Coihueco,CL,-36.6167,-71.8333,54.34,54,0,16.11,clear sky
630,Limon,CR,10.0,-83.0333,89.06,66,0,10.36,clear sky
631,Baijiantan,CN,45.6333,85.1833,72.63,19,0,8.97,clear sky
632,Praya,CV,14.9215,-23.5087,82.94,65,20,16.11,few clouds
633,Gualeguay,AR,-33.1416,-59.3097,56.08,24,5,14.9,clear sky
634,Ostersund,SE,63.1792,14.6357,55.85,100,75,10.36,broken clouds
635,Acapulco,MX,16.8634,-99.8901,87.62,70,20,0.0,few clouds
636,Griffith,US,41.5284,-87.4237,85.14,51,100,8.05,overcast clouds
637,Pires Do Rio,BR,-17.2997,-48.2794,91.36,16,0,8.12,clear sky
638,Bam,IR,29.106,58.357,86.92,10,100,8.75,overcast clouds
639,Tabas,IR,33.5959,56.9244,86.27,13,0,9.91,clear sky
640,Matay,EG,28.419,30.7792,90.01,23,0,7.29,clear sky
641,Barra Do Garcas,BR,-15.89,-52.2567,100.98,23,0,9.22,clear sky
642,Araouane,ML,18.9048,-3.5265,87.67,49,82,1.36,broken clouds
643,Nizhniy Kuranakh,RU,58.8353,125.4869,45.93,97,52,4.41,broken clouds
644,Tolaga Bay,NZ,-38.3667,178.3,60.66,84,100,11.56,light rain
645,Homer,US,59.6425,-151.5483,53.8,72,100,5.99,overcast clouds
646,Jasper,US,37.2001,-94.3502,85.98,48,75,6.91,broken clouds
647,Horsham,GB,51.064,-0.3272,76.66,69,20,10.36,few clouds
648,Usakos,NA,-22.0,15.6,54.75,49,79,5.73,broken clouds
649,Bom Jardim,BR,-7.7958,-35.5872,74.1,71,69,12.71,broken clouds
650,Yanji,CN,42.9075,129.5078,66.18,93,100,2.68,overcast clouds
651,Jalu,LY,29.0331,21.5482,89.31,30,0,12.95,clear sky
652,Altoona,US,40.5187,-78.3947,82.81,50,23,4.0,few clouds
653,Rock Springs,US,41.5875,-109.2029,84.24,22,20,8.05,few clouds
654,Visnes,NO,59.3556,5.2242,59.22,63,0,8.05,clear sky
655,Krasnogvardeyskiy,RU,57.3793,62.3195,46.31,93,92,3.29,overcast clouds
656,Aberdeen,GB,57.1437,-2.0981,66.54,81,75,6.91,broken clouds
657,Southampton,GB,50.904,-1.4043,71.76,74,40,11.5,scattered clouds
658,Umm Bab,QA,25.2142,50.8072,95.9,44,10,7.4,clear sky
659,Bushehr,IR,28.9684,50.8385,93.29,59,0,6.91,clear sky
660,Mwaya,TZ,-9.55,33.95,71.76,65,9,1.74,clear sky
661,Boende,CD,-0.2167,20.8667,72.81,85,100,1.88,overcast clouds
662,Koslan,RU,63.4564,48.8989,67.84,72,100,4.56,overcast clouds
663,The Pas,CA,53.8251,-101.2541,77.02,57,0,8.05,clear sky
664,Trairi,BR,-3.2778,-39.2689,82.62,61,100,14.27,overcast clouds
665,Guira De Melena,CU,22.7906,-82.5053,91.92,48,22,6.4,few clouds
666,Danilovka,RU,50.3557,44.1168,68.77,66,100,24.56,overcast clouds
667,Boralday,KZ,43.3578,76.8594,62.46,31,20,4.47,few clouds
668,Udachnyy,RU,66.4167,112.4,43.45,100,100,19.69,overcast clouds
669,Hofn,IS,64.2539,-15.2082,48.7,95,100,12.15,overcast clouds
